{
    "0": {
        "code": "TN",
        "en": "Tunisia",
        "fr": "Tunisie"
    },
    "1": {
        "code": "EU-16",
        "en": "EU 16-27",
        "fr": "UE 16-27"
    },
    "2": {
        "code": "EU-15",
        "en": "EU 15",
        "fr": "UE 15"
    },
    "3": {
        "code": "CN",
        "en": "China",
        "fr": "Chine"
    },
    "4": {
        "code": "AFRSB",
        "en": "Sub-Saharan Africa",
        "fr": "Afrique subsaharienne"
    },
    "5": {
        "code": "DK",
        "en": "Denmark",
        "fr": "Danemark"
    },
    "6": {
        "code": "RO",
        "en": "Romania",
        "fr": "Roumanie"
    },
    "7": {
        "code": "SA",
        "en": "Saudi Arabia",
        "fr": "Arabie saoudite"
    },
    "8": {
        "code": "PL",
        "en": "Poland",
        "fr": "Pologne"
    },
    "9": {
        "code": "IT",
        "en": "Italy",
        "fr": "Italie"
    },
    "10": {
        "code": "YT",
        "en": "Mayotte",
        "fr": "Mayotte"
    },
    "11": {
        "code": "MY",
        "en": "Malaysia",
        "fr": "Malaisie"
    },
    "12": {
        "code": "LT",
        "en": "Lithuania",
        "fr": "Lituanie"
    },
    "13": {
        "code": "LU",
        "en": "Luxembourg",
        "fr": "Luxembourg"
    },
    "14": {
        "code": "ME",
        "en": "Near East",
        "fr": "Proche-Orient"
    },
    "15": {
        "code": "NL",
        "en": "Netherlands",
        "fr": "Pays-Bas"
    },
    "16": {
        "code": "CIS",
        "en": "Commonwealth of Independent States",
        "fr": "Communauté des États indépendants"
    },
    "17": {
        "code": "UZ",
        "en": "Uzbekistan",
        "fr": "Ouzbékistan"
    },
    "18": {
        "code": "AU",
        "en": "Australia",
        "fr": "Australie"
    },
    "19": {
        "code": "PT",
        "en": "Portugal",
        "fr": "Portugal"
    },
    "20": {
        "code": "ASISO",
        "en": "Southwest Asia",
        "fr": "Asie du Sud-Ouest"
    },
    "21": {
        "code": "INTERNATION",
        "en": "International",
        "fr": "International"
    },
    "22": {
        "code": "MERC",
        "en": "Mercosur",
        "fr": "Mercosur"
    },
    "23": {
        "code": "BY",
        "en": "Belarus",
        "fr": "Biélorussie"
    },
    "24": {
        "code": "OCEAN",
        "en": "Oceania",
        "fr": "Océanie"
    },
    "25": {
        "code": "SAF",
        "en": "Southern Africa",
        "fr": "Afrique australe"
    },
    "26": {
        "code": "EU",
        "en": "European Union",
        "fr": "Union européenne"
    },
    "27": {
        "code": "XX",
        "en": "Unspecified countries",
        "fr": "Pays non spécifiés"
    },
    "28": {
        "code": "LB",
        "en": "Lebanon",
        "fr": "Liban"
    },
    "29": {
        "code": "ES",
        "en": "Spain",
        "fr": "Espagne"
    },
    "30": {
        "code": "JP",
        "en": "Japan",
        "fr": "Japon"
    },
    "31": {
        "code": "SAM",
        "en": "South America",
        "fr": "Amérique du Sud"
    },
    "32": {
        "code": "CH",
        "en": "Switzerland",
        "fr": "Suisse"
    },
    "33": {
        "code": "FI",
        "en": "Finland",
        "fr": "Finlande"
    },
    "34": {
        "code": "DE",
        "en": "Germany",
        "fr": "Allemagne"
    },
    "35": {
        "code": "GB",
        "en": "United Kingdom",
        "fr": "Royaume-Uni"
    },
    "36": {
        "code": "EURHU",
        "en": "Non-EU Europe",
        "fr": "Europe hors UE"
    },
    "37": {
        "code": "ASINE",
        "en": "Northeast Asia",
        "fr": "Asie du Nord-Est"
    },
    "38": {
        "code": "BE",
        "en": "Belgium",
        "fr": "Belgique"
    },
    "39": {
        "code": "ID",
        "en": "Indonesia",
        "fr": "Indonésie"
    },
    "40": {
        "code": "HU",
        "en": "Hungary",
        "fr": "Hongrie"
    },
    "41": {
        "code": "AZ",
        "en": "Azerbaijan",
        "fr": "Azerbaïdjan"
    },
    "42": {
        "code": "US",
        "en": "United States of America",
        "fr": "États-Unis"
    },
    "43": {
        "code": "RU",
        "en": "Russia",
        "fr": "Russie"
    },
    "44": {
        "code": "ASSOETA",
        "en": "State association",
        "fr": "Association d'États"
    },
    "45": {
        "code": "SK",
        "en": "Slovakia",
        "fr": "Slovaquie"
    },
    "46": {
        "code": "NO",
        "en": "Norway",
        "fr": "Norvège"
    },
    "47": {
        "code": "NC",
        "en": "New Caledonia",
        "fr": "Nouvelle-Calédonie"
    },
    "48": {
        "code": "AT",
        "en": "Austria",
        "fr": "Autriche"
    },
    "49": {
        "code": "DZ",
        "en": "Algeria",
        "fr": "Algérie"
    },
    "50": {
        "code": "EU",
        "en": "EU 28-n",
        "fr": "UE 28-n"
    },
    "51": {
        "code": "AMENO",
        "en": "North America",
        "fr": "Amérique du Nord"
    },
    "52": {
        "code": "IL",
        "en": "Israel",
        "fr": "Israël"
    },
    "53": {
        "code": "PK",
        "en": "Pakistan",
        "fr": "Pakistan"
    },
    "54": {
        "code": "SE",
        "en": "Sweden",
        "fr": "Suède"
    },
    "55": {
        "code": "NZ",
        "en": "New Zealand",
        "fr": "Nouvelle-Zélande"
    },
    "56": {
        "code": "MA",
        "en": "Morocco",
        "fr": "Maroc"
    },
    "57": {
        "code": "GH",
        "en": "Ghana",
        "fr": "Ghana"
    },
    "58": {
        "code": "NEU",
        "en": "Outside EU",
        "fr": "Hors UE"
    },
    "59": {
        "code": "YU",
        "en": "Yugoslavia",
        "fr": "Yougoslavie"
    },
    "60": {
        "code": "CM",
        "en": "Cameroon",
        "fr": "Cameroun"
    },
    "61": {
        "code": "IN",
        "en": "India",
        "fr": "Inde"
    },
    "62": {
        "code": "KZ",
        "en": "Kazakhstan",
        "fr": "Kazakhstan"
    },
    "63": {
        "code": "ZA",
        "en": "South Africa",
        "fr": "Afrique du Sud"
    },
    "64": {
        "code": "HR",
        "en": "Croatia",
        "fr": "Croatie"
    },
    "65": {
        "code": "MOYOR",
        "en": "Middle East",
        "fr": "Moyen-Orient"
    },
    "66": {
        "code": "ASISE",
        "en": "Southeast Asia",
        "fr": "Asie du Sud-Est"
    },
    "67": {
        "code": "CL",
        "en": "Chile",
        "fr": "Chili"
    },
    "68": {
        "code": "RS",
        "en": "Serbia",
        "fr": "Serbie"
    },
    "69": {
        "code": "CI",
        "en": "Ivory Coast",
        "fr": "Côte d'Ivoire"
    },
    "70": {
        "code": "CG",
        "en": "Congo",
        "fr": "Congo"
    },
    "71": {
        "code": "GA",
        "en": "Gabon",
        "fr": "Gabon"
    },
    "72": {
        "code": "AFRNO",
        "en": "North Africa",
        "fr": "Afrique du Nord"
    },
    "73": {
        "code": "LY",
        "en": "Libya",
        "fr": "Libye"
    },
    "74": {
        "code": "FRTOM",
        "en": "French Overseas Territories",
        "fr": "Territoires d'outre-mer français"
    },
    "75": {
        "code": "GE",
        "en": "Georgia",
        "fr": "Géorgie"
    },
    "76": {
        "code": "TH",
        "en": "Thailand",
        "fr": "Thaïlande"
    },
    "77": {
        "code": "TR",
        "en": "Turkey",
        "fr": "Turquie"
    },
    "78": {
        "code": "CD",
        "en": "Democratic Republic of the Congo",
        "fr": "République démocratique du Congo"
    },
    "79": {
        "code": "IE",
        "en": "Ireland",
        "fr": "Irlande"
    },
    "80": {
        "code": "CA",
        "en": "Canada",
        "fr": "Canada"
    },
    "81": {
        "code": "ACP",
        "en": "ACP (Africa, Caribbean, Pacific)",
        "fr": "ACP (Afrique, Caraïbes, Pacifique)"
    },
    "82": {
        "code": "PF",
        "en": "French Polynesia",
        "fr": "Polynésie française"
    },
    "83": {
        "code": "BG",
        "en": "Bulgaria",
        "fr": "Bulgarie"
    },
    "84": {
        "code": "BR",
        "en": "Brazil",
        "fr": "Brésil"
    },
    "85": {
        "code": "CY",
        "en": "Cyprus",
        "fr": "Chypre"
    },
    "86": {
        "code": "LV",
        "en": "Latvia",
        "fr": "Lettonie"
    },
    "87": {
        "code": "ALE",
        "en": "NAFTA",
        "fr": "ALENA"
    },
    "88": {
        "code": "AMECE",
        "en": "Central America (excl. Caribbean)",
        "fr": "Amérique centrale (hors Caraïbes)"
    },
    "89": {
        "code": "SI",
        "en": "Slovenia",
        "fr": "Slovénie"
    },
    "90": {
        "code": "CARAIB",
        "en": "Caribbean",
        "fr": "Caraïbes"
    },
    "91": {
        "code": "EE",
        "en": "Estonia",
        "fr": "Estonie"
    },
    "92": {
        "code": "GQ",
        "en": "Equatorial Guinea",
        "fr": "Guinée équatoriale"
    },
    "93": {
        "code": "VN",
        "en": "Vietnam",
        "fr": "Viêt Nam"
    },
    "94": {
        "code": "CZ",
        "en": "Czech Republic",
        "fr": "République tchèque"
    },
    "95": {
        "code": "UA",
        "en": "Ukraine",
        "fr": "Ukraine"
    },
    "96": {
        "code": "PM",
        "en": "Saint Pierre and Miquelon",
        "fr": "Saint-Pierre-et-Miquelon"
    },
    "97": {
        "code": "GR",
        "en": "Greece",
        "fr": "Grèce"
    },
    "98": {
        "code": "AM",
        "en": "Armenia",
        "fr": "Arménie"
    },
    "99": {
        "code": "MT",
        "en": "Malta",
        "fr": "Malte"
    },
    "100": {
        "code": "EG",
        "en": "Egypt",
        "fr": "Égypte"
    },
    "101": {
        "code": "WF",
        "en": "Wallis and Futuna",
        "fr": "Wallis-et-Futuna"
    },
    "102": {
        "code": "BL",
        "en": "Saint Barthelemy",
        "fr": "Saint-Barthélemy"
    }
}
